[
  {
    "name": "Serkan Atar",
    "image": "https://i.imgur.com/WkR4XMC.jpeg",
    "nationality": "تركيا"
  },
  {
    "name": "Gönül Ürer",
    "image": "https://i.imgur.com/7B4Owtk.jpeg",
    "nationality": "تركيا"
  },
  {
    "name": "Tugba Begde",
    "image": "https://i.imgur.com/7B4Owtk.jpeg",
    "nationality": "تركيا"
  },
  {
    "name": "Funda Eskioglu",
    "image": "https://i.imgur.com/7B4Owtk.jpeg",
    "nationality": "تركيا"
  },
  {
    "name": "تامر حسني",
    "image": "https://i.imgur.com/Aye3Xug.jpeg",
    "nationality": "مصر"
  },
  {
    "name": "حلا شيحة",
    "image": "https://i.imgur.com/7B4Owtk.jpeg",
    "nationality": "مصر"
  },
  {
    "name": "ماجد الكدواني",
    "image": "https://i.imgur.com/9WWGgGB.jpeg",
    "nationality": "مصر"
  },
  {
    "name": "حجاج عبدالعظيم",
    "image": "https://i.imgur.com/7jtEGDL.jpeg",
    "nationality": "مصر"
  },
  {
    "name": "سوسن بدر",
    "image": "https://i.imgur.com/7B4Owtk.jpeg",
    "nationality": "مصر"
  },
  {
    "name": "كريم محمود عبدالعزيز",
    "image": "https://i.imgur.com/d9rzLiP.jpeg",
    "nationality": "مصر"
  },
  {
    "name": "خالد الصاوي",
    "image": "https://i.imgur.com/5C71aV2.jpeg",
    "nationality": "مصر"
  },
  {
    "name": "بيومي فؤاد",
    "image": "https://i.imgur.com/yq2lipS.jpeg",
    "nationality": "مصر"
  },
  {
    "name": "محمد نور",
    "image": "https://i.imgur.com/P7bITeN.jpeg",
    "nationality": "مصر"
  },
  {
    "name": "محمد محمود عبد العزيز",
    "image": "https://i.imgur.com/ouNG6uu.jpeg",
    "nationality": "مصر"
  },
  {
    "name": "مصطفى خاطر",
    "image": "https://i.imgur.com/wh9uKwN.jpeg",
    "nationality": "مصر"
  },
  {
    "name": "ميرنا جميل",
    "image": "https://i.imgur.com/7B4Owtk.jpeg",
    "nationality": "مصر"
  }
]