[
  {
    "name": "Siccin 7",
    "releaseDate": "2024-01-01",
    "section": "رعب",
    "story": "ينتقل كمال وعائلته إلى قصر عمه بعد التعامل مع مافيا تسول الأطفال وإخفاء مرض ابنتهم رؤيا. يتسبب مرض الزهايمر الذي تعاني منه الأم لالي في حدوث أحداث خارقة للطبيعة. تتسلل ميرال وتخطط لطقوس في بلاك مون 2018. ",
    "rating": "8",
    "cover": "https://i.imgur.com/C4SFZyA.jpeg",
    "link": "https://egy34dffdvwerwe432vxcvxcvbcx321scvxv45cdsw1dfdsfsd.visitmycityfor365days.online/v/02/00104/dgktg0vwe01t_o/[Cimawbas]Siccin.7.2024.mp4?t=MeTLHLru0A2FJHBpND-fh8NwCyMRi2StNRQ3x8Rnp3M&s=1740500810&e=43200&f=522816&sp=100&i=0.0",
    "language": "تركية",
    "country": "تركيا",
    "stars": [
      "Serkan Atar",
      "Tugba Begde",
      "Funda Eskioglu",
      "Gönül Ürer"
    ]
  },
  {
    "name": "مش انا",
    "releaseDate": "2021-01-01",
    "section": "كوميديا",
    "story": "يُصاب حسن بحالة غريبة تفقده السيطرة على يده، فيصبح مع مرور الوقت ضحية العديد من الموقف الصعبة والمحرجة، بينما يرفض كل من حوله تصديق حالته.\n",
    "rating": "8",
    "cover": "https://i.imgur.com/PTixQwU.jpeg",
    "link": "https://cdn.shabakaty.com/vascin21-mp4/9C25EE8E-C9CA-8333-EBD3-F31E4B11E881_video.mp4?response-content-disposition=attachment%3B%20filename%3D%22video.mp4%22&AWSAccessKeyId=PSFBSAZRKNBJOAMKHHBIBOBEONKBBOPKEDDBFBOJCH&Expires=1740603878&Signature=LTISP90rRH%2Bs3CyHx5Zrg2TtB9w%3D",
    "language": "عربية",
    "country": "مصر",
    "stars": [
      "تامر حسني",
      "حلا شيحة",
      "ماجد الكدواني",
      "حجاج عبدالعظيم",
      "سوسن بدر"
    ]
  },
  {
    "name": "اطلعلي برة",
    "releaseDate": "2018-01-01",
    "section": "كوميديا",
    "story": "تدور أحداث الفيلم في إطار من الكوميديا حول شخص يعيش في حارة شعبية، يجد في أحد الأيام كتاب اسمه اطلعولي بره، يتحدث عن وجود شخصيات بداخل كل فرد، وعندما يقرأه هذا الشخص تخرج له عدد من الشخصيات تسيطر على مواقفه وحياته وقراراته.",
    "rating": "7",
    "cover": "https://i.imgur.com/K6EPEo9.jpeg",
    "link": "https://cdn.shabakaty.com/vascin19-mp4/3BBF30B3-84CE-6A0D-350A-98FF71699266_video.mp4?response-content-disposition=attachment%3B%20filename%3D%22video.mp4%22&AWSAccessKeyId=PSFBSAZRKNBJOAMKHHBIBOBEONKBBOPKEDDBFBOJCH&Expires=1740949233&Signature=7noWDyzrDBdz%2FQmSK8ICKgU5LXI%3D",
    "language": "عربية",
    "country": "مصر",
    "stars": [
      "كريم محمود عبدالعزيز",
      "خالد الصاوي",
      "بيومي فؤاد",
      "محمد نور"
    ]
  }
]