[
  {
    "name": "البيت بيتي",
    "releaseDate": "2022-01-01",
    "story": "يجبر بينو على العودة إلى القاهرة من أجل تسوية ميراثه، ولكن سرعان ما يصاب بالصدمة عند معرفته بأن ما يرثه سيعرضه للمغامرات المرعبة.\n",
    "section": "كوميديا",
    "stars": [
      "كريم محمود عبدالعزيز",
      "مصطفى خاطر",
      "محمد محمود عبد العزيز",
      "ميرنا جميل"
    ],
    "image": "https://i.imgur.com/Oiv5uBz.jpeg",
    "seasons": {
      "1": {
        "numberOfEpisodes": "10",
        "links": [
          "https://cdn.shabakaty.com/vascin18/6B991BC4-A840-BAEF-C4FA-1DBC350ACE66_video.mp4?response-content-disposition=attachment%3B%20filename%3D%22video.mp4%22&AWSAccessKeyId=PSFBSAZRKNBJOAMKHHBIBOBEONKBBOPKEDDBFBOJCH&Expires=1741123067&Signature=%2FXErrLIMOU%2FCMn35st%2B6x%2BAYia8%3D",
          "https://cdn.shabakaty.com/vascin18/C191E016-8E64-97E3-5193-8D07E5D93345_video.mp4?response-content-disposition=attachment%3B%20filename%3D%22video.mp4%22&AWSAccessKeyId=PSFBSAZRKNBJOAMKHHBIBOBEONKBBOPKEDDBFBOJCH&Expires=1741122559&Signature=0QQ5eMqIQsgFwoaIb%2FlhGYVxoIU%3D",
          "https://cdn.shabakaty.com/vascin18/75368DFF-E00E-18E3-A976-72656E5B3C2D_video.mp4?response-content-disposition=attachment%3B%20filename%3D%22video.mp4%22&AWSAccessKeyId=PSFBSAZRKNBJOAMKHHBIBOBEONKBBOPKEDDBFBOJCH&Expires=1741122263&Signature=o9WWnx0p9RRPnMo1JJKxaYWpmHA%3D",
          "https://cdn.shabakaty.com/vascin18/6A2A6948-1863-5561-4F3E-8D1277052187_video.mp4?response-content-disposition=attachment%3B%20filename%3D%22video.mp4%22&AWSAccessKeyId=PSFBSAZRKNBJOAMKHHBIBOBEONKBBOPKEDDBFBOJCH&Expires=1741122248&Signature=NWCHELjSW6m4evyNZu9SlM0D15I%3D",
          "https://cdn.shabakaty.com/vascin18/2D2274D8-C9BA-7225-D7F3-776739A2F221_video.mp4?response-content-disposition=attachment%3B%20filename%3D%22video.mp4%22&AWSAccessKeyId=PSFBSAZRKNBJOAMKHHBIBOBEONKBBOPKEDDBFBOJCH&Expires=1741122405&Signature=xs5%2BKGzytHVdz5HT6heUyeGktiU%3D",
          "https://cdn.shabakaty.com/vascin18/986EF2C0-AC53-EF16-198E-DCB9B4624246_video.mp4?response-content-disposition=attachment%3B%20filename%3D%22video.mp4%22&AWSAccessKeyId=PSFBSAZRKNBJOAMKHHBIBOBEONKBBOPKEDDBFBOJCH&Expires=1741122264&Signature=zRmIvPW6g0W4QRf%2BTrbwB4IEyEg%3D",
          "https://cdn.shabakaty.com/vascin18/117D021C-7D92-FD42-E472-C536A19C9E5A_video.mp4?response-content-disposition=attachment%3B%20filename%3D%22video.mp4%22&AWSAccessKeyId=PSFBSAZRKNBJOAMKHHBIBOBEONKBBOPKEDDBFBOJCH&Expires=1741122277&Signature=syuiiNwbLdbj8e2ZP%2FlI162oOf8%3D",
          "https://cdn.shabakaty.com/vascin18/96B67F1D-9CB3-277E-6DB3-B20FA3A70A78_video.mp4?response-content-disposition=attachment%3B%20filename%3D%22video.mp4%22&AWSAccessKeyId=PSFBSAZRKNBJOAMKHHBIBOBEONKBBOPKEDDBFBOJCH&Expires=1741122039&Signature=K027Un9HQAir0coE%2FvxuCFrVCnw%3D",
          " https://cdn.shabakaty.com/vascin18/D51CEF51-ABBE-3190-E9A2-52874972D69D_video.mp4?response-content-disposition=attachment%3B%20filename%3D%22video.mp4%22&AWSAccessKeyId=PSFBSAZRKNBJOAMKHHBIBOBEONKBBOPKEDDBFBOJCH&Expires=1741123603&Signature=QI6ZCx3QPJNJZYTBWma8g1azHlI%3D",
          "https://cdn.shabakaty.com/vascin18/96B67F1D-9CB3-277E-6DB3-B20FA3A70A78_video.mp4?response-content-disposition=attachment%3B%20filename%3D%22video.mp4%22&AWSAccessKeyId=PSFBSAZRKNBJOAMKHHBIBOBEONKBBOPKEDDBFBOJCH&Expires=1741122039&Signature=K027Un9HQAir0coE%2FvxuCFrVCnw%3D"
        ]
      },
      "2": {
        "numberOfEpisodes": "10",
        "links": [
          "https://cdn.shabakaty.com/vascin24-mp4/A71AF1FF-0A6E-4C91-4C1F-69C35FA9F565_video.mp4?response-content-disposition=attachment%3B%20filename%3D%22video.mp4%22&AWSAccessKeyId=PSFBSAZRKNBJOAMKHHBIBOBEONKBBOPKEDDBFBOJCH&Expires=1741122245&Signature=mH5WZR%2BndrtDMZQxjjVg8p1IILg%3D",
          "https://cdn.shabakaty.com/vascin24-mp4/84FB6478-839B-C0A5-30C0-A9E054F0BEAA_video.mp4?response-content-disposition=attachment%3B%20filename%3D%22video.mp4%22&AWSAccessKeyId=PSFBSAZRKNBJOAMKHHBIBOBEONKBBOPKEDDBFBOJCH&Expires=1740949975&Signature=nN7TuXbABs0B2Kx6CDdksg8iGEg%3D",
          "https://cdn.shabakaty.com/vascin24-mp4/E65C34C3-B6EE-2420-57F1-A5634276EE9A_video.mp4?response-content-disposition=attachment%3B%20filename%3D%22video.mp4%22&AWSAccessKeyId=PSFBSAZRKNBJOAMKHHBIBOBEONKBBOPKEDDBFBOJCH&Expires=1740949666&Signature=s7NY45b2bOs77b6jTXbY4I3P7kk%3D",
          "https://cdn.shabakaty.com/vascin24-mp4/CE699F5B-AC91-6865-A1A4-E1889B77E0A1_video.mp4?response-content-disposition=attachment%3B%20filename%3D%22video.mp4%22&AWSAccessKeyId=PSFBSAZRKNBJOAMKHHBIBOBEONKBBOPKEDDBFBOJCH&Expires=1740949679&Signature=FmM6hwNQN1n4aMkR0VVoKkhKZfQ%3D",
          "https://cdn.shabakaty.com/vascin24-mp4/4CC0E977-596F-0377-2B3E-154A1D83F79C_video.mp4?response-content-disposition=attachment%3B%20filename%3D%22video.mp4%22&AWSAccessKeyId=PSFBSAZRKNBJOAMKHHBIBOBEONKBBOPKEDDBFBOJCH&Expires=1740949976&Signature=Hnll7E4DnW76kL2Q%2Fwd822Du6sI%3D",
          "https://cdn.shabakaty.com/vascin24-mp4/F38E590B-2886-518A-1AAA-166DFE3D64C3_video.mp4?response-content-disposition=attachment%3B%20filename%3D%22video.mp4%22&AWSAccessKeyId=PSFBSAZRKNBJOAMKHHBIBOBEONKBBOPKEDDBFBOJCH&Expires=1740950239&Signature=mQocKkUiAeSU6gXcgeey2MtluNY%3D",
          "https://cdn.shabakaty.com/vascin24-mp4/CD9C7080-4853-D68D-912A-6524617B2A8D_video.mp4?response-content-disposition=attachment%3B%20filename%3D%22video.mp4%22&AWSAccessKeyId=PSFBSAZRKNBJOAMKHHBIBOBEONKBBOPKEDDBFBOJCH&Expires=1740949236&Signature=ams0%2FxOvtGYuup4Bhf5LpXHlSWc%3D",
          "https://cdn.shabakaty.com/vascin24-mp4/EDD9664A-C554-87F2-AA7E-36939A3EDC0B_video.mp4?response-content-disposition=attachment%3B%20filename%3D%22video.mp4%22&AWSAccessKeyId=PSFBSAZRKNBJOAMKHHBIBOBEONKBBOPKEDDBFBOJCH&Expires=1740949824&Signature=r%2F60LzY9XE7K6NsJApv4zgaQlwU%3D",
          "https://cdn.shabakaty.com/vascin24-mp4/481F66B8-626B-50AB-2DDA-048F7883D4A8_video.mp4?response-content-disposition=attachment%3B%20filename%3D%22video.mp4%22&AWSAccessKeyId=PSFBSAZRKNBJOAMKHHBIBOBEONKBBOPKEDDBFBOJCH&Expires=1740949265&Signature=AViOqk5%2F70Xl%2FITCk2pA0EZN7D8%3D",
          "https://cdn.shabakaty.com/vascin24-mp4/EDD9664A-C554-87F2-AA7E-36939A3EDC0B_video.mp4?response-content-disposition=attachment%3B%20filename%3D%22video.mp4%22&AWSAccessKeyId=PSFBSAZRKNBJOAMKHHBIBOBEONKBBOPKEDDBFBOJCH&Expires=1740949824&Signature=r%2F60LzY9XE7K6NsJApv4zgaQlwU%3D"
        ]
      }
    },
    "rating": "9"
  }
]